seed,setting,target,union_precision,weighted_recall,union_recall,consensus_recall,period_k,report_dir
42,tcn_weighted_all,L1+,0.9153846153846154,0.475655525463446,0.363914373088685,0.2,,/gpfs/work/int/yuxuanliu2204/Changheng/xmltoexp/MERIX SUBMISSION/Boundary_Restart/reports/nested_piece_cv/weighted_topdown_merge56_level1plus_boundary_seed42
42,tcn_weighted_all,L2+,0.8615384615384616,0.4861346797019495,0.3875432525951557,0.2,,/gpfs/work/int/yuxuanliu2204/Changheng/xmltoexp/MERIX SUBMISSION/Boundary_Restart/reports/nested_piece_cv/weighted_topdown_merge56_level2plus_boundary_seed42
42,tcn_weighted_all,L3+,0.8571428571428571,0.37561782980163666,0.30927835051546393,0.2,,/gpfs/work/int/yuxuanliu2204/Changheng/xmltoexp/MERIX SUBMISSION/Boundary_Restart/reports/nested_piece_cv/weighted_topdown_merge56_level3plus_boundary_seed42
42,tcn_weighted_all,L4+,0.8518518518518519,0.135046488729033,0.152317880794702,0.0,,/gpfs/work/int/yuxuanliu2204/Changheng/xmltoexp/MERIX SUBMISSION/Boundary_Restart/reports/nested_piece_cv/weighted_topdown_merge56_level4plus_boundary_seed42
42,tcn_weighted_all,L5,0.8695652173913043,0.19247198899043463,0.17857142857142858,0.2,,/gpfs/work/int/yuxuanliu2204/Changheng/xmltoexp/MERIX SUBMISSION/Boundary_Restart/reports/nested_piece_cv/weighted_topdown_merge56_level56_boundary_seed42
43,tcn_weighted_all,L1+,0.90625,0.500354239248844,0.3547400611620795,0.4,,/gpfs/work/int/yuxuanliu2204/Changheng/xmltoexp/MERIX SUBMISSION/Boundary_Restart/reports/nested_piece_cv/weighted_topdown_merge56_level1plus_boundary_seed43
43,tcn_weighted_all,L2+,0.8503937007874016,0.5181250382481528,0.3737024221453287,0.4,,/gpfs/work/int/yuxuanliu2204/Changheng/xmltoexp/MERIX SUBMISSION/Boundary_Restart/reports/nested_piece_cv/weighted_topdown_merge56_level2plus_boundary_seed43
43,tcn_weighted_all,L3+,0.8648648648648649,0.4817294513671839,0.32989690721649484,0.6,,/gpfs/work/int/yuxuanliu2204/Changheng/xmltoexp/MERIX SUBMISSION/Boundary_Restart/reports/nested_piece_cv/weighted_topdown_merge56_level3plus_boundary_seed43
43,tcn_weighted_all,L4+,0.8888888888888888,0.3501887187644733,0.2119205298013245,0.6,,/gpfs/work/int/yuxuanliu2204/Changheng/xmltoexp/MERIX SUBMISSION/Boundary_Restart/reports/nested_piece_cv/weighted_topdown_merge56_level4plus_boundary_seed43
43,tcn_weighted_all,L5,0.8461538461538461,0.3490389948426319,0.19642857142857142,0.6,,/gpfs/work/int/yuxuanliu2204/Changheng/xmltoexp/MERIX SUBMISSION/Boundary_Restart/reports/nested_piece_cv/weighted_topdown_merge56_level56_boundary_seed43
44,tcn_weighted_all,L1+,0.9426229508196722,0.5608950751130402,0.3516819571865443,0.8,,/gpfs/work/int/yuxuanliu2204/Changheng/xmltoexp/MERIX SUBMISSION/Boundary_Restart/reports/nested_piece_cv/weighted_topdown_merge56_level1plus_boundary_seed44
44,tcn_weighted_all,L2+,0.8717948717948718,0.5685876147417553,0.35294117647058826,0.8,,/gpfs/work/int/yuxuanliu2204/Changheng/xmltoexp/MERIX SUBMISSION/Boundary_Restart/reports/nested_piece_cv/weighted_topdown_merge56_level2plus_boundary_seed44
44,tcn_weighted_all,L3+,0.8653846153846154,0.4351993576879059,0.23195876288659795,0.8,,/gpfs/work/int/yuxuanliu2204/Changheng/xmltoexp/MERIX SUBMISSION/Boundary_Restart/reports/nested_piece_cv/weighted_topdown_merge56_level3plus_boundary_seed44
44,tcn_weighted_all,L4+,0.8709677419354839,0.3731625346889087,0.17880794701986755,0.8,,/gpfs/work/int/yuxuanliu2204/Changheng/xmltoexp/MERIX SUBMISSION/Boundary_Restart/reports/nested_piece_cv/weighted_topdown_merge56_level4plus_boundary_seed44
44,tcn_weighted_all,L5,0.8181818181818182,0.4434063458713107,0.24107142857142858,0.8,,/gpfs/work/int/yuxuanliu2204/Changheng/xmltoexp/MERIX SUBMISSION/Boundary_Restart/reports/nested_piece_cv/weighted_topdown_merge56_level56_boundary_seed44
45,tcn_weighted_all,L1+,0.9166666666666666,0.5244132191695112,0.37003058103975534,0.4,,/gpfs/work/int/yuxuanliu2204/Changheng/xmltoexp/MERIX SUBMISSION/Boundary_Restart/reports/nested_piece_cv/weighted_topdown_merge56_level1plus_boundary_seed45
45,tcn_weighted_all,L2+,0.8556701030927835,0.4907288910381938,0.28719723183391005,0.4,,/gpfs/work/int/yuxuanliu2204/Changheng/xmltoexp/MERIX SUBMISSION/Boundary_Restart/reports/nested_piece_cv/weighted_topdown_merge56_level2plus_boundary_seed45
45,tcn_weighted_all,L3+,0.85,0.43301873059702134,0.26288659793814434,0.4,,/gpfs/work/int/yuxuanliu2204/Changheng/xmltoexp/MERIX SUBMISSION/Boundary_Restart/reports/nested_piece_cv/weighted_topdown_merge56_level3plus_boundary_seed45
45,tcn_weighted_all,L4+,0.8780487804878049,0.4255048104511015,0.23841059602649006,0.8,,/gpfs/work/int/yuxuanliu2204/Changheng/xmltoexp/MERIX SUBMISSION/Boundary_Restart/reports/nested_piece_cv/weighted_topdown_merge56_level4plus_boundary_seed45
45,tcn_weighted_all,L5,0.8,0.4371329766180226,0.25,0.8,,/gpfs/work/int/yuxuanliu2204/Changheng/xmltoexp/MERIX SUBMISSION/Boundary_Restart/reports/nested_piece_cv/weighted_topdown_merge56_level56_boundary_seed45
46,tcn_weighted_all,L1+,0.8888888888888888,0.49544752707294326,0.3180428134556575,0.4,,/gpfs/work/int/yuxuanliu2204/Changheng/xmltoexp/MERIX SUBMISSION/Boundary_Restart/reports/nested_piece_cv/weighted_topdown_merge56_level1plus_boundary_seed46
46,tcn_weighted_all,L2+,0.8532110091743119,0.48904790950103216,0.3217993079584775,0.2,,/gpfs/work/int/yuxuanliu2204/Changheng/xmltoexp/MERIX SUBMISSION/Boundary_Restart/reports/nested_piece_cv/weighted_topdown_merge56_level2plus_boundary_seed46
46,tcn_weighted_all,L3+,0.8545454545454545,0.34656776426056185,0.2422680412371134,0.2,,/gpfs/work/int/yuxuanliu2204/Changheng/xmltoexp/MERIX SUBMISSION/Boundary_Restart/reports/nested_piece_cv/weighted_topdown_merge56_level3plus_boundary_seed46
46,tcn_weighted_all,L4+,0.9090909090909091,0.12800359239065046,0.13245033112582782,0.0,,/gpfs/work/int/yuxuanliu2204/Changheng/xmltoexp/MERIX SUBMISSION/Boundary_Restart/reports/nested_piece_cv/weighted_topdown_merge56_level4plus_boundary_seed46
46,tcn_weighted_all,L5,0.8461538461538461,0.4140416649246708,0.19642857142857142,0.8,,/gpfs/work/int/yuxuanliu2204/Changheng/xmltoexp/MERIX SUBMISSION/Boundary_Restart/reports/nested_piece_cv/weighted_topdown_merge56_level56_boundary_seed46
42,logreg_weighted_all,L1+,0.889763779527559,0.4515631118721339,0.345565749235474,0.2,,/gpfs/work/int/yuxuanliu2204/Changheng/xmltoexp/MERIX SUBMISSION/Boundary_Restart/reports/paper_outer_baselines_weighted_topdown_all_seed42_logreg
42,logreg_weighted_all,L2+,0.8165137614678899,0.4048969727213273,0.3079584775086505,0.4,,/gpfs/work/int/yuxuanliu2204/Changheng/xmltoexp/MERIX SUBMISSION/Boundary_Restart/reports/paper_outer_baselines_weighted_topdown_all_seed42_logreg
42,logreg_weighted_all,L3+,0.8125,0.1849732804192334,0.134020618556701,0.0,,/gpfs/work/int/yuxuanliu2204/Changheng/xmltoexp/MERIX SUBMISSION/Boundary_Restart/reports/paper_outer_baselines_weighted_topdown_all_seed42_logreg
42,logreg_weighted_all,L4+,0.75,0.1297144500211166,0.119205298013245,0.0,,/gpfs/work/int/yuxuanliu2204/Changheng/xmltoexp/MERIX SUBMISSION/Boundary_Restart/reports/paper_outer_baselines_weighted_topdown_all_seed42_logreg
42,logreg_weighted_all,L5,0.6129032258064516,0.1145221721186971,0.1696428571428571,0.0,,/gpfs/work/int/yuxuanliu2204/Changheng/xmltoexp/MERIX SUBMISSION/Boundary_Restart/reports/paper_outer_baselines_weighted_topdown_all_seed42_logreg
43,logreg_weighted_all,L1+,0.889763779527559,0.4515631118721339,0.345565749235474,0.2,,/gpfs/work/int/yuxuanliu2204/Changheng/xmltoexp/MERIX SUBMISSION/Boundary_Restart/reports/paper_outer_baselines_weighted_topdown_all_seed43_logreg
43,logreg_weighted_all,L2+,0.8165137614678899,0.4048969727213273,0.3079584775086505,0.4,,/gpfs/work/int/yuxuanliu2204/Changheng/xmltoexp/MERIX SUBMISSION/Boundary_Restart/reports/paper_outer_baselines_weighted_topdown_all_seed43_logreg
43,logreg_weighted_all,L3+,0.8125,0.1849732804192334,0.134020618556701,0.0,,/gpfs/work/int/yuxuanliu2204/Changheng/xmltoexp/MERIX SUBMISSION/Boundary_Restart/reports/paper_outer_baselines_weighted_topdown_all_seed43_logreg
43,logreg_weighted_all,L4+,0.75,0.1297144500211166,0.119205298013245,0.0,,/gpfs/work/int/yuxuanliu2204/Changheng/xmltoexp/MERIX SUBMISSION/Boundary_Restart/reports/paper_outer_baselines_weighted_topdown_all_seed43_logreg
43,logreg_weighted_all,L5,0.6129032258064516,0.1145221721186971,0.1696428571428571,0.0,,/gpfs/work/int/yuxuanliu2204/Changheng/xmltoexp/MERIX SUBMISSION/Boundary_Restart/reports/paper_outer_baselines_weighted_topdown_all_seed43_logreg
44,logreg_weighted_all,L1+,0.889763779527559,0.4515631118721339,0.345565749235474,0.2,,/gpfs/work/int/yuxuanliu2204/Changheng/xmltoexp/MERIX SUBMISSION/Boundary_Restart/reports/paper_outer_baselines_weighted_topdown_all_seed44_logreg
44,logreg_weighted_all,L2+,0.8165137614678899,0.4048969727213273,0.3079584775086505,0.4,,/gpfs/work/int/yuxuanliu2204/Changheng/xmltoexp/MERIX SUBMISSION/Boundary_Restart/reports/paper_outer_baselines_weighted_topdown_all_seed44_logreg
44,logreg_weighted_all,L3+,0.8125,0.1849732804192334,0.134020618556701,0.0,,/gpfs/work/int/yuxuanliu2204/Changheng/xmltoexp/MERIX SUBMISSION/Boundary_Restart/reports/paper_outer_baselines_weighted_topdown_all_seed44_logreg
44,logreg_weighted_all,L4+,0.75,0.1297144500211166,0.119205298013245,0.0,,/gpfs/work/int/yuxuanliu2204/Changheng/xmltoexp/MERIX SUBMISSION/Boundary_Restart/reports/paper_outer_baselines_weighted_topdown_all_seed44_logreg
44,logreg_weighted_all,L5,0.6129032258064516,0.1145221721186971,0.1696428571428571,0.0,,/gpfs/work/int/yuxuanliu2204/Changheng/xmltoexp/MERIX SUBMISSION/Boundary_Restart/reports/paper_outer_baselines_weighted_topdown_all_seed44_logreg
45,logreg_weighted_all,L1+,0.889763779527559,0.4515631118721339,0.345565749235474,0.2,,/gpfs/work/int/yuxuanliu2204/Changheng/xmltoexp/MERIX SUBMISSION/Boundary_Restart/reports/paper_outer_baselines_weighted_topdown_all_seed45_logreg
45,logreg_weighted_all,L2+,0.8165137614678899,0.4048969727213273,0.3079584775086505,0.4,,/gpfs/work/int/yuxuanliu2204/Changheng/xmltoexp/MERIX SUBMISSION/Boundary_Restart/reports/paper_outer_baselines_weighted_topdown_all_seed45_logreg
45,logreg_weighted_all,L3+,0.8125,0.1849732804192334,0.134020618556701,0.0,,/gpfs/work/int/yuxuanliu2204/Changheng/xmltoexp/MERIX SUBMISSION/Boundary_Restart/reports/paper_outer_baselines_weighted_topdown_all_seed45_logreg
45,logreg_weighted_all,L4+,0.75,0.1297144500211166,0.119205298013245,0.0,,/gpfs/work/int/yuxuanliu2204/Changheng/xmltoexp/MERIX SUBMISSION/Boundary_Restart/reports/paper_outer_baselines_weighted_topdown_all_seed45_logreg
45,logreg_weighted_all,L5,0.6129032258064516,0.1145221721186971,0.1696428571428571,0.0,,/gpfs/work/int/yuxuanliu2204/Changheng/xmltoexp/MERIX SUBMISSION/Boundary_Restart/reports/paper_outer_baselines_weighted_topdown_all_seed45_logreg
46,logreg_weighted_all,L1+,0.889763779527559,0.4515631118721339,0.345565749235474,0.2,,/gpfs/work/int/yuxuanliu2204/Changheng/xmltoexp/MERIX SUBMISSION/Boundary_Restart/reports/paper_outer_baselines_weighted_topdown_all_seed46_logreg
46,logreg_weighted_all,L2+,0.8165137614678899,0.4048969727213273,0.3079584775086505,0.4,,/gpfs/work/int/yuxuanliu2204/Changheng/xmltoexp/MERIX SUBMISSION/Boundary_Restart/reports/paper_outer_baselines_weighted_topdown_all_seed46_logreg
46,logreg_weighted_all,L3+,0.8125,0.1849732804192334,0.134020618556701,0.0,,/gpfs/work/int/yuxuanliu2204/Changheng/xmltoexp/MERIX SUBMISSION/Boundary_Restart/reports/paper_outer_baselines_weighted_topdown_all_seed46_logreg
46,logreg_weighted_all,L4+,0.75,0.1297144500211166,0.119205298013245,0.0,,/gpfs/work/int/yuxuanliu2204/Changheng/xmltoexp/MERIX SUBMISSION/Boundary_Restart/reports/paper_outer_baselines_weighted_topdown_all_seed46_logreg
46,logreg_weighted_all,L5,0.6129032258064516,0.1145221721186971,0.1696428571428571,0.0,,/gpfs/work/int/yuxuanliu2204/Changheng/xmltoexp/MERIX SUBMISSION/Boundary_Restart/reports/paper_outer_baselines_weighted_topdown_all_seed46_logreg
42,logreg_simple_union_all,L1+,0.9836065573770492,0.3133101918786916,0.1719197707736389,0.6376811594202898,,/gpfs/work/int/yuxuanliu2204/Changheng/xmltoexp/MERIX SUBMISSION/Boundary_Restart/reports/paper_outer_baselines_simple_union_all_seed42_logreg
42,logreg_simple_union_all,L2+,0.7916666666666666,0.2806606361340069,0.1934826883910387,0.5740740740740741,,/gpfs/work/int/yuxuanliu2204/Changheng/xmltoexp/MERIX SUBMISSION/Boundary_Restart/reports/paper_outer_baselines_simple_union_all_seed42_logreg
42,logreg_simple_union_all,L3+,0.7551020408163265,0.2577192312526365,0.1254237288135593,0.4814814814814814,,/gpfs/work/int/yuxuanliu2204/Changheng/xmltoexp/MERIX SUBMISSION/Boundary_Restart/reports/paper_outer_baselines_simple_union_all_seed42_logreg
42,logreg_simple_union_all,L4+,0.6428571428571429,0.1083206512513857,0.0927835051546391,0.0,,/gpfs/work/int/yuxuanliu2204/Changheng/xmltoexp/MERIX SUBMISSION/Boundary_Restart/reports/paper_outer_baselines_simple_union_all_seed42_logreg
42,logreg_simple_union_all,L5,0.6129032258064516,0.1145221721186971,0.1696428571428571,0.0,,/gpfs/work/int/yuxuanliu2204/Changheng/xmltoexp/MERIX SUBMISSION/Boundary_Restart/reports/paper_outer_baselines_simple_union_all_seed42_logreg
43,logreg_simple_union_all,L1+,0.9836065573770492,0.3133101918786916,0.1719197707736389,0.6376811594202898,,/gpfs/work/int/yuxuanliu2204/Changheng/xmltoexp/MERIX SUBMISSION/Boundary_Restart/reports/paper_outer_baselines_simple_union_all_seed43_logreg
43,logreg_simple_union_all,L2+,0.7916666666666666,0.2806606361340069,0.1934826883910387,0.5740740740740741,,/gpfs/work/int/yuxuanliu2204/Changheng/xmltoexp/MERIX SUBMISSION/Boundary_Restart/reports/paper_outer_baselines_simple_union_all_seed43_logreg
43,logreg_simple_union_all,L3+,0.7551020408163265,0.2577192312526365,0.1254237288135593,0.4814814814814814,,/gpfs/work/int/yuxuanliu2204/Changheng/xmltoexp/MERIX SUBMISSION/Boundary_Restart/reports/paper_outer_baselines_simple_union_all_seed43_logreg
43,logreg_simple_union_all,L4+,0.6428571428571429,0.1083206512513857,0.0927835051546391,0.0,,/gpfs/work/int/yuxuanliu2204/Changheng/xmltoexp/MERIX SUBMISSION/Boundary_Restart/reports/paper_outer_baselines_simple_union_all_seed43_logreg
43,logreg_simple_union_all,L5,0.6129032258064516,0.1145221721186971,0.1696428571428571,0.0,,/gpfs/work/int/yuxuanliu2204/Changheng/xmltoexp/MERIX SUBMISSION/Boundary_Restart/reports/paper_outer_baselines_simple_union_all_seed43_logreg
44,logreg_simple_union_all,L1+,0.9836065573770492,0.3133101918786916,0.1719197707736389,0.6376811594202898,,/gpfs/work/int/yuxuanliu2204/Changheng/xmltoexp/MERIX SUBMISSION/Boundary_Restart/reports/paper_outer_baselines_simple_union_all_seed44_logreg
44,logreg_simple_union_all,L2+,0.7916666666666666,0.2806606361340069,0.1934826883910387,0.5740740740740741,,/gpfs/work/int/yuxuanliu2204/Changheng/xmltoexp/MERIX SUBMISSION/Boundary_Restart/reports/paper_outer_baselines_simple_union_all_seed44_logreg
44,logreg_simple_union_all,L3+,0.7551020408163265,0.2577192312526365,0.1254237288135593,0.4814814814814814,,/gpfs/work/int/yuxuanliu2204/Changheng/xmltoexp/MERIX SUBMISSION/Boundary_Restart/reports/paper_outer_baselines_simple_union_all_seed44_logreg
44,logreg_simple_union_all,L4+,0.6428571428571429,0.1083206512513857,0.0927835051546391,0.0,,/gpfs/work/int/yuxuanliu2204/Changheng/xmltoexp/MERIX SUBMISSION/Boundary_Restart/reports/paper_outer_baselines_simple_union_all_seed44_logreg
44,logreg_simple_union_all,L5,0.6129032258064516,0.1145221721186971,0.1696428571428571,0.0,,/gpfs/work/int/yuxuanliu2204/Changheng/xmltoexp/MERIX SUBMISSION/Boundary_Restart/reports/paper_outer_baselines_simple_union_all_seed44_logreg
45,logreg_simple_union_all,L1+,0.9836065573770492,0.3133101918786916,0.1719197707736389,0.6376811594202898,,/gpfs/work/int/yuxuanliu2204/Changheng/xmltoexp/MERIX SUBMISSION/Boundary_Restart/reports/paper_outer_baselines_simple_union_all_seed45_logreg
45,logreg_simple_union_all,L2+,0.7916666666666666,0.2806606361340069,0.1934826883910387,0.5740740740740741,,/gpfs/work/int/yuxuanliu2204/Changheng/xmltoexp/MERIX SUBMISSION/Boundary_Restart/reports/paper_outer_baselines_simple_union_all_seed45_logreg
45,logreg_simple_union_all,L3+,0.7551020408163265,0.2577192312526365,0.1254237288135593,0.4814814814814814,,/gpfs/work/int/yuxuanliu2204/Changheng/xmltoexp/MERIX SUBMISSION/Boundary_Restart/reports/paper_outer_baselines_simple_union_all_seed45_logreg
45,logreg_simple_union_all,L4+,0.6428571428571429,0.1083206512513857,0.0927835051546391,0.0,,/gpfs/work/int/yuxuanliu2204/Changheng/xmltoexp/MERIX SUBMISSION/Boundary_Restart/reports/paper_outer_baselines_simple_union_all_seed45_logreg
45,logreg_simple_union_all,L5,0.6129032258064516,0.1145221721186971,0.1696428571428571,0.0,,/gpfs/work/int/yuxuanliu2204/Changheng/xmltoexp/MERIX SUBMISSION/Boundary_Restart/reports/paper_outer_baselines_simple_union_all_seed45_logreg
46,logreg_simple_union_all,L1+,0.9836065573770492,0.3133101918786916,0.1719197707736389,0.6376811594202898,,/gpfs/work/int/yuxuanliu2204/Changheng/xmltoexp/MERIX SUBMISSION/Boundary_Restart/reports/paper_outer_baselines_simple_union_all_seed46_logreg
46,logreg_simple_union_all,L2+,0.7916666666666666,0.2806606361340069,0.1934826883910387,0.5740740740740741,,/gpfs/work/int/yuxuanliu2204/Changheng/xmltoexp/MERIX SUBMISSION/Boundary_Restart/reports/paper_outer_baselines_simple_union_all_seed46_logreg
46,logreg_simple_union_all,L3+,0.7551020408163265,0.2577192312526365,0.1254237288135593,0.4814814814814814,,/gpfs/work/int/yuxuanliu2204/Changheng/xmltoexp/MERIX SUBMISSION/Boundary_Restart/reports/paper_outer_baselines_simple_union_all_seed46_logreg
46,logreg_simple_union_all,L4+,0.6428571428571429,0.1083206512513857,0.0927835051546391,0.0,,/gpfs/work/int/yuxuanliu2204/Changheng/xmltoexp/MERIX SUBMISSION/Boundary_Restart/reports/paper_outer_baselines_simple_union_all_seed46_logreg
46,logreg_simple_union_all,L5,0.6129032258064516,0.1145221721186971,0.1696428571428571,0.0,,/gpfs/work/int/yuxuanliu2204/Changheng/xmltoexp/MERIX SUBMISSION/Boundary_Restart/reports/paper_outer_baselines_simple_union_all_seed46_logreg
42,logreg_weighted_note_only,L1+,0.9,0.4406058723991363,0.3577981651376147,0.2,,/gpfs/work/int/yuxuanliu2204/Changheng/xmltoexp/MERIX SUBMISSION/Boundary_Restart/reports/paper_outer_baselines_weighted_topdown_note_only_seed42_logreg
42,logreg_weighted_note_only,L2+,0.8487394957983193,0.4544290964483441,0.3494809688581315,0.4,,/gpfs/work/int/yuxuanliu2204/Changheng/xmltoexp/MERIX SUBMISSION/Boundary_Restart/reports/paper_outer_baselines_weighted_topdown_note_only_seed42_logreg
42,logreg_weighted_note_only,L3+,0.8285714285714286,0.1953540159206011,0.1494845360824742,0.0,,/gpfs/work/int/yuxuanliu2204/Changheng/xmltoexp/MERIX SUBMISSION/Boundary_Restart/reports/paper_outer_baselines_weighted_topdown_note_only_seed42_logreg
42,logreg_weighted_note_only,L4+,0.6086956521739131,0.0595961420480916,0.0927152317880794,0.0,,/gpfs/work/int/yuxuanliu2204/Changheng/xmltoexp/MERIX SUBMISSION/Boundary_Restart/reports/paper_outer_baselines_weighted_topdown_note_only_seed42_logreg
42,logreg_weighted_note_only,L5,0.48,0.073144695050274,0.1071428571428571,0.0,,/gpfs/work/int/yuxuanliu2204/Changheng/xmltoexp/MERIX SUBMISSION/Boundary_Restart/reports/paper_outer_baselines_weighted_topdown_note_only_seed42_logreg
43,logreg_weighted_note_only,L1+,0.9,0.4406058723991363,0.3577981651376147,0.2,,/gpfs/work/int/yuxuanliu2204/Changheng/xmltoexp/MERIX SUBMISSION/Boundary_Restart/reports/paper_outer_baselines_weighted_topdown_note_only_seed43_logreg
43,logreg_weighted_note_only,L2+,0.8487394957983193,0.4544290964483441,0.3494809688581315,0.4,,/gpfs/work/int/yuxuanliu2204/Changheng/xmltoexp/MERIX SUBMISSION/Boundary_Restart/reports/paper_outer_baselines_weighted_topdown_note_only_seed43_logreg
43,logreg_weighted_note_only,L3+,0.8285714285714286,0.1953540159206011,0.1494845360824742,0.0,,/gpfs/work/int/yuxuanliu2204/Changheng/xmltoexp/MERIX SUBMISSION/Boundary_Restart/reports/paper_outer_baselines_weighted_topdown_note_only_seed43_logreg
43,logreg_weighted_note_only,L4+,0.6086956521739131,0.0595961420480916,0.0927152317880794,0.0,,/gpfs/work/int/yuxuanliu2204/Changheng/xmltoexp/MERIX SUBMISSION/Boundary_Restart/reports/paper_outer_baselines_weighted_topdown_note_only_seed43_logreg
43,logreg_weighted_note_only,L5,0.48,0.073144695050274,0.1071428571428571,0.0,,/gpfs/work/int/yuxuanliu2204/Changheng/xmltoexp/MERIX SUBMISSION/Boundary_Restart/reports/paper_outer_baselines_weighted_topdown_note_only_seed43_logreg
44,logreg_weighted_note_only,L1+,0.9,0.4406058723991363,0.3577981651376147,0.2,,/gpfs/work/int/yuxuanliu2204/Changheng/xmltoexp/MERIX SUBMISSION/Boundary_Restart/reports/paper_outer_baselines_weighted_topdown_note_only_seed44_logreg
44,logreg_weighted_note_only,L2+,0.8487394957983193,0.4544290964483441,0.3494809688581315,0.4,,/gpfs/work/int/yuxuanliu2204/Changheng/xmltoexp/MERIX SUBMISSION/Boundary_Restart/reports/paper_outer_baselines_weighted_topdown_note_only_seed44_logreg
44,logreg_weighted_note_only,L3+,0.8285714285714286,0.1953540159206011,0.1494845360824742,0.0,,/gpfs/work/int/yuxuanliu2204/Changheng/xmltoexp/MERIX SUBMISSION/Boundary_Restart/reports/paper_outer_baselines_weighted_topdown_note_only_seed44_logreg
44,logreg_weighted_note_only,L4+,0.6086956521739131,0.0595961420480916,0.0927152317880794,0.0,,/gpfs/work/int/yuxuanliu2204/Changheng/xmltoexp/MERIX SUBMISSION/Boundary_Restart/reports/paper_outer_baselines_weighted_topdown_note_only_seed44_logreg
44,logreg_weighted_note_only,L5,0.48,0.073144695050274,0.1071428571428571,0.0,,/gpfs/work/int/yuxuanliu2204/Changheng/xmltoexp/MERIX SUBMISSION/Boundary_Restart/reports/paper_outer_baselines_weighted_topdown_note_only_seed44_logreg
45,logreg_weighted_note_only,L1+,0.9,0.4406058723991363,0.3577981651376147,0.2,,/gpfs/work/int/yuxuanliu2204/Changheng/xmltoexp/MERIX SUBMISSION/Boundary_Restart/reports/paper_outer_baselines_weighted_topdown_note_only_seed45_logreg
45,logreg_weighted_note_only,L2+,0.8487394957983193,0.4544290964483441,0.3494809688581315,0.4,,/gpfs/work/int/yuxuanliu2204/Changheng/xmltoexp/MERIX SUBMISSION/Boundary_Restart/reports/paper_outer_baselines_weighted_topdown_note_only_seed45_logreg
45,logreg_weighted_note_only,L3+,0.8285714285714286,0.1953540159206011,0.1494845360824742,0.0,,/gpfs/work/int/yuxuanliu2204/Changheng/xmltoexp/MERIX SUBMISSION/Boundary_Restart/reports/paper_outer_baselines_weighted_topdown_note_only_seed45_logreg
45,logreg_weighted_note_only,L4+,0.6086956521739131,0.0595961420480916,0.0927152317880794,0.0,,/gpfs/work/int/yuxuanliu2204/Changheng/xmltoexp/MERIX SUBMISSION/Boundary_Restart/reports/paper_outer_baselines_weighted_topdown_note_only_seed45_logreg
45,logreg_weighted_note_only,L5,0.48,0.073144695050274,0.1071428571428571,0.0,,/gpfs/work/int/yuxuanliu2204/Changheng/xmltoexp/MERIX SUBMISSION/Boundary_Restart/reports/paper_outer_baselines_weighted_topdown_note_only_seed45_logreg
46,logreg_weighted_note_only,L1+,0.9,0.4406058723991363,0.3577981651376147,0.2,,/gpfs/work/int/yuxuanliu2204/Changheng/xmltoexp/MERIX SUBMISSION/Boundary_Restart/reports/paper_outer_baselines_weighted_topdown_note_only_seed46_logreg
46,logreg_weighted_note_only,L2+,0.8487394957983193,0.4544290964483441,0.3494809688581315,0.4,,/gpfs/work/int/yuxuanliu2204/Changheng/xmltoexp/MERIX SUBMISSION/Boundary_Restart/reports/paper_outer_baselines_weighted_topdown_note_only_seed46_logreg
46,logreg_weighted_note_only,L3+,0.8285714285714286,0.1953540159206011,0.1494845360824742,0.0,,/gpfs/work/int/yuxuanliu2204/Changheng/xmltoexp/MERIX SUBMISSION/Boundary_Restart/reports/paper_outer_baselines_weighted_topdown_note_only_seed46_logreg
46,logreg_weighted_note_only,L4+,0.6086956521739131,0.0595961420480916,0.0927152317880794,0.0,,/gpfs/work/int/yuxuanliu2204/Changheng/xmltoexp/MERIX SUBMISSION/Boundary_Restart/reports/paper_outer_baselines_weighted_topdown_note_only_seed46_logreg
46,logreg_weighted_note_only,L5,0.48,0.073144695050274,0.1071428571428571,0.0,,/gpfs/work/int/yuxuanliu2204/Changheng/xmltoexp/MERIX SUBMISSION/Boundary_Restart/reports/paper_outer_baselines_weighted_topdown_note_only_seed46_logreg
42,logreg_weighted_xml_only,L1+,0.7542372881355932,0.3379039507042387,0.2721712538226299,0.4,,/gpfs/work/int/yuxuanliu2204/Changheng/xmltoexp/MERIX SUBMISSION/Boundary_Restart/reports/paper_outer_baselines_weighted_topdown_xml_only_seed42_logreg
42,logreg_weighted_xml_only,L2+,0.7307692307692307,0.2938380054405542,0.1972318339100346,0.4,,/gpfs/work/int/yuxuanliu2204/Changheng/xmltoexp/MERIX SUBMISSION/Boundary_Restart/reports/paper_outer_baselines_weighted_topdown_xml_only_seed42_logreg
42,logreg_weighted_xml_only,L3+,0.6944444444444444,0.2240727189817661,0.1288659793814432,0.4,,/gpfs/work/int/yuxuanliu2204/Changheng/xmltoexp/MERIX SUBMISSION/Boundary_Restart/reports/paper_outer_baselines_weighted_topdown_xml_only_seed42_logreg
42,logreg_weighted_xml_only,L4+,0.6666666666666666,0.1935532135491584,0.1456953642384106,0.2,,/gpfs/work/int/yuxuanliu2204/Changheng/xmltoexp/MERIX SUBMISSION/Boundary_Restart/reports/paper_outer_baselines_weighted_topdown_xml_only_seed42_logreg
42,logreg_weighted_xml_only,L5,0.5714285714285714,0.3671916928609828,0.2142857142857142,0.6,,/gpfs/work/int/yuxuanliu2204/Changheng/xmltoexp/MERIX SUBMISSION/Boundary_Restart/reports/paper_outer_baselines_weighted_topdown_xml_only_seed42_logreg
43,logreg_weighted_xml_only,L1+,0.7542372881355932,0.3379039507042387,0.2721712538226299,0.4,,/gpfs/work/int/yuxuanliu2204/Changheng/xmltoexp/MERIX SUBMISSION/Boundary_Restart/reports/paper_outer_baselines_weighted_topdown_xml_only_seed43_logreg
43,logreg_weighted_xml_only,L2+,0.7307692307692307,0.2938380054405542,0.1972318339100346,0.4,,/gpfs/work/int/yuxuanliu2204/Changheng/xmltoexp/MERIX SUBMISSION/Boundary_Restart/reports/paper_outer_baselines_weighted_topdown_xml_only_seed43_logreg
43,logreg_weighted_xml_only,L3+,0.6944444444444444,0.2240727189817661,0.1288659793814432,0.4,,/gpfs/work/int/yuxuanliu2204/Changheng/xmltoexp/MERIX SUBMISSION/Boundary_Restart/reports/paper_outer_baselines_weighted_topdown_xml_only_seed43_logreg
43,logreg_weighted_xml_only,L4+,0.6666666666666666,0.1935532135491584,0.1456953642384106,0.2,,/gpfs/work/int/yuxuanliu2204/Changheng/xmltoexp/MERIX SUBMISSION/Boundary_Restart/reports/paper_outer_baselines_weighted_topdown_xml_only_seed43_logreg
43,logreg_weighted_xml_only,L5,0.5714285714285714,0.3671916928609828,0.2142857142857142,0.6,,/gpfs/work/int/yuxuanliu2204/Changheng/xmltoexp/MERIX SUBMISSION/Boundary_Restart/reports/paper_outer_baselines_weighted_topdown_xml_only_seed43_logreg
44,logreg_weighted_xml_only,L1+,0.7542372881355932,0.3379039507042387,0.2721712538226299,0.4,,/gpfs/work/int/yuxuanliu2204/Changheng/xmltoexp/MERIX SUBMISSION/Boundary_Restart/reports/paper_outer_baselines_weighted_topdown_xml_only_seed44_logreg
44,logreg_weighted_xml_only,L2+,0.7307692307692307,0.2938380054405542,0.1972318339100346,0.4,,/gpfs/work/int/yuxuanliu2204/Changheng/xmltoexp/MERIX SUBMISSION/Boundary_Restart/reports/paper_outer_baselines_weighted_topdown_xml_only_seed44_logreg
44,logreg_weighted_xml_only,L3+,0.6944444444444444,0.2240727189817661,0.1288659793814432,0.4,,/gpfs/work/int/yuxuanliu2204/Changheng/xmltoexp/MERIX SUBMISSION/Boundary_Restart/reports/paper_outer_baselines_weighted_topdown_xml_only_seed44_logreg
44,logreg_weighted_xml_only,L4+,0.6666666666666666,0.1935532135491584,0.1456953642384106,0.2,,/gpfs/work/int/yuxuanliu2204/Changheng/xmltoexp/MERIX SUBMISSION/Boundary_Restart/reports/paper_outer_baselines_weighted_topdown_xml_only_seed44_logreg
44,logreg_weighted_xml_only,L5,0.5714285714285714,0.3671916928609828,0.2142857142857142,0.6,,/gpfs/work/int/yuxuanliu2204/Changheng/xmltoexp/MERIX SUBMISSION/Boundary_Restart/reports/paper_outer_baselines_weighted_topdown_xml_only_seed44_logreg
45,logreg_weighted_xml_only,L1+,0.7542372881355932,0.3379039507042387,0.2721712538226299,0.4,,/gpfs/work/int/yuxuanliu2204/Changheng/xmltoexp/MERIX SUBMISSION/Boundary_Restart/reports/paper_outer_baselines_weighted_topdown_xml_only_seed45_logreg
45,logreg_weighted_xml_only,L2+,0.7307692307692307,0.2938380054405542,0.1972318339100346,0.4,,/gpfs/work/int/yuxuanliu2204/Changheng/xmltoexp/MERIX SUBMISSION/Boundary_Restart/reports/paper_outer_baselines_weighted_topdown_xml_only_seed45_logreg
45,logreg_weighted_xml_only,L3+,0.6944444444444444,0.2240727189817661,0.1288659793814432,0.4,,/gpfs/work/int/yuxuanliu2204/Changheng/xmltoexp/MERIX SUBMISSION/Boundary_Restart/reports/paper_outer_baselines_weighted_topdown_xml_only_seed45_logreg
45,logreg_weighted_xml_only,L4+,0.6666666666666666,0.1935532135491584,0.1456953642384106,0.2,,/gpfs/work/int/yuxuanliu2204/Changheng/xmltoexp/MERIX SUBMISSION/Boundary_Restart/reports/paper_outer_baselines_weighted_topdown_xml_only_seed45_logreg
45,logreg_weighted_xml_only,L5,0.5714285714285714,0.3671916928609828,0.2142857142857142,0.6,,/gpfs/work/int/yuxuanliu2204/Changheng/xmltoexp/MERIX SUBMISSION/Boundary_Restart/reports/paper_outer_baselines_weighted_topdown_xml_only_seed45_logreg
46,logreg_weighted_xml_only,L1+,0.7542372881355932,0.3379039507042387,0.2721712538226299,0.4,,/gpfs/work/int/yuxuanliu2204/Changheng/xmltoexp/MERIX SUBMISSION/Boundary_Restart/reports/paper_outer_baselines_weighted_topdown_xml_only_seed46_logreg
46,logreg_weighted_xml_only,L2+,0.7307692307692307,0.2938380054405542,0.1972318339100346,0.4,,/gpfs/work/int/yuxuanliu2204/Changheng/xmltoexp/MERIX SUBMISSION/Boundary_Restart/reports/paper_outer_baselines_weighted_topdown_xml_only_seed46_logreg
46,logreg_weighted_xml_only,L3+,0.6944444444444444,0.2240727189817661,0.1288659793814432,0.4,,/gpfs/work/int/yuxuanliu2204/Changheng/xmltoexp/MERIX SUBMISSION/Boundary_Restart/reports/paper_outer_baselines_weighted_topdown_xml_only_seed46_logreg
46,logreg_weighted_xml_only,L4+,0.6666666666666666,0.1935532135491584,0.1456953642384106,0.2,,/gpfs/work/int/yuxuanliu2204/Changheng/xmltoexp/MERIX SUBMISSION/Boundary_Restart/reports/paper_outer_baselines_weighted_topdown_xml_only_seed46_logreg
46,logreg_weighted_xml_only,L5,0.5714285714285714,0.3671916928609828,0.2142857142857142,0.6,,/gpfs/work/int/yuxuanliu2204/Changheng/xmltoexp/MERIX SUBMISSION/Boundary_Restart/reports/paper_outer_baselines_weighted_topdown_xml_only_seed46_logreg
42,lbdm_weighted_all,L1+,0.7850467289719626,0.3467778271472076,0.2568807339449541,0.2,,/gpfs/work/int/yuxuanliu2204/Changheng/xmltoexp/MERIX SUBMISSION/Boundary_Restart/reports/paper_outer_baselines_weighted_topdown_all_seed42_lbdm_only
42,lbdm_weighted_all,L2+,0.7358490566037735,0.3529491920728707,0.2698961937716263,0.2,,/gpfs/work/int/yuxuanliu2204/Changheng/xmltoexp/MERIX SUBMISSION/Boundary_Restart/reports/paper_outer_baselines_weighted_topdown_all_seed42_lbdm_only
42,lbdm_weighted_all,L3+,0.5774647887323944,0.2416664923764878,0.211340206185567,0.0,,/gpfs/work/int/yuxuanliu2204/Changheng/xmltoexp/MERIX SUBMISSION/Boundary_Restart/reports/paper_outer_baselines_weighted_topdown_all_seed42_lbdm_only
42,lbdm_weighted_all,L4+,0.5434782608695652,0.1715844148338826,0.1655629139072847,0.0,,/gpfs/work/int/yuxuanliu2204/Changheng/xmltoexp/MERIX SUBMISSION/Boundary_Restart/reports/paper_outer_baselines_weighted_topdown_all_seed42_lbdm_only
42,lbdm_weighted_all,L5,0.4347826086956521,0.1394821265685347,0.1785714285714285,0.0,,/gpfs/work/int/yuxuanliu2204/Changheng/xmltoexp/MERIX SUBMISSION/Boundary_Restart/reports/paper_outer_baselines_weighted_topdown_all_seed42_lbdm_only
43,lbdm_weighted_all,L1+,0.7850467289719626,0.3467778271472076,0.2568807339449541,0.2,,/gpfs/work/int/yuxuanliu2204/Changheng/xmltoexp/MERIX SUBMISSION/Boundary_Restart/reports/paper_outer_baselines_weighted_topdown_all_seed43_lbdm_only
43,lbdm_weighted_all,L2+,0.7358490566037735,0.3529491920728707,0.2698961937716263,0.2,,/gpfs/work/int/yuxuanliu2204/Changheng/xmltoexp/MERIX SUBMISSION/Boundary_Restart/reports/paper_outer_baselines_weighted_topdown_all_seed43_lbdm_only
43,lbdm_weighted_all,L3+,0.5774647887323944,0.2416664923764878,0.211340206185567,0.0,,/gpfs/work/int/yuxuanliu2204/Changheng/xmltoexp/MERIX SUBMISSION/Boundary_Restart/reports/paper_outer_baselines_weighted_topdown_all_seed43_lbdm_only
43,lbdm_weighted_all,L4+,0.5434782608695652,0.1715844148338826,0.1655629139072847,0.0,,/gpfs/work/int/yuxuanliu2204/Changheng/xmltoexp/MERIX SUBMISSION/Boundary_Restart/reports/paper_outer_baselines_weighted_topdown_all_seed43_lbdm_only
43,lbdm_weighted_all,L5,0.4347826086956521,0.1394821265685347,0.1785714285714285,0.0,,/gpfs/work/int/yuxuanliu2204/Changheng/xmltoexp/MERIX SUBMISSION/Boundary_Restart/reports/paper_outer_baselines_weighted_topdown_all_seed43_lbdm_only
44,lbdm_weighted_all,L1+,0.7850467289719626,0.3467778271472076,0.2568807339449541,0.2,,/gpfs/work/int/yuxuanliu2204/Changheng/xmltoexp/MERIX SUBMISSION/Boundary_Restart/reports/paper_outer_baselines_weighted_topdown_all_seed44_lbdm_only
44,lbdm_weighted_all,L2+,0.7358490566037735,0.3529491920728707,0.2698961937716263,0.2,,/gpfs/work/int/yuxuanliu2204/Changheng/xmltoexp/MERIX SUBMISSION/Boundary_Restart/reports/paper_outer_baselines_weighted_topdown_all_seed44_lbdm_only
44,lbdm_weighted_all,L3+,0.5774647887323944,0.2416664923764878,0.211340206185567,0.0,,/gpfs/work/int/yuxuanliu2204/Changheng/xmltoexp/MERIX SUBMISSION/Boundary_Restart/reports/paper_outer_baselines_weighted_topdown_all_seed44_lbdm_only
44,lbdm_weighted_all,L4+,0.5434782608695652,0.1715844148338826,0.1655629139072847,0.0,,/gpfs/work/int/yuxuanliu2204/Changheng/xmltoexp/MERIX SUBMISSION/Boundary_Restart/reports/paper_outer_baselines_weighted_topdown_all_seed44_lbdm_only
44,lbdm_weighted_all,L5,0.4347826086956521,0.1394821265685347,0.1785714285714285,0.0,,/gpfs/work/int/yuxuanliu2204/Changheng/xmltoexp/MERIX SUBMISSION/Boundary_Restart/reports/paper_outer_baselines_weighted_topdown_all_seed44_lbdm_only
45,lbdm_weighted_all,L1+,0.7850467289719626,0.3467778271472076,0.2568807339449541,0.2,,/gpfs/work/int/yuxuanliu2204/Changheng/xmltoexp/MERIX SUBMISSION/Boundary_Restart/reports/paper_outer_baselines_weighted_topdown_all_seed45_lbdm_only
45,lbdm_weighted_all,L2+,0.7358490566037735,0.3529491920728707,0.2698961937716263,0.2,,/gpfs/work/int/yuxuanliu2204/Changheng/xmltoexp/MERIX SUBMISSION/Boundary_Restart/reports/paper_outer_baselines_weighted_topdown_all_seed45_lbdm_only
45,lbdm_weighted_all,L3+,0.5774647887323944,0.2416664923764878,0.211340206185567,0.0,,/gpfs/work/int/yuxuanliu2204/Changheng/xmltoexp/MERIX SUBMISSION/Boundary_Restart/reports/paper_outer_baselines_weighted_topdown_all_seed45_lbdm_only
45,lbdm_weighted_all,L4+,0.5434782608695652,0.1715844148338826,0.1655629139072847,0.0,,/gpfs/work/int/yuxuanliu2204/Changheng/xmltoexp/MERIX SUBMISSION/Boundary_Restart/reports/paper_outer_baselines_weighted_topdown_all_seed45_lbdm_only
45,lbdm_weighted_all,L5,0.4347826086956521,0.1394821265685347,0.1785714285714285,0.0,,/gpfs/work/int/yuxuanliu2204/Changheng/xmltoexp/MERIX SUBMISSION/Boundary_Restart/reports/paper_outer_baselines_weighted_topdown_all_seed45_lbdm_only
46,lbdm_weighted_all,L1+,0.7850467289719626,0.3467778271472076,0.2568807339449541,0.2,,/gpfs/work/int/yuxuanliu2204/Changheng/xmltoexp/MERIX SUBMISSION/Boundary_Restart/reports/paper_outer_baselines_weighted_topdown_all_seed46_lbdm_only
46,lbdm_weighted_all,L2+,0.7358490566037735,0.3529491920728707,0.2698961937716263,0.2,,/gpfs/work/int/yuxuanliu2204/Changheng/xmltoexp/MERIX SUBMISSION/Boundary_Restart/reports/paper_outer_baselines_weighted_topdown_all_seed46_lbdm_only
46,lbdm_weighted_all,L3+,0.5774647887323944,0.2416664923764878,0.211340206185567,0.0,,/gpfs/work/int/yuxuanliu2204/Changheng/xmltoexp/MERIX SUBMISSION/Boundary_Restart/reports/paper_outer_baselines_weighted_topdown_all_seed46_lbdm_only
46,lbdm_weighted_all,L4+,0.5434782608695652,0.1715844148338826,0.1655629139072847,0.0,,/gpfs/work/int/yuxuanliu2204/Changheng/xmltoexp/MERIX SUBMISSION/Boundary_Restart/reports/paper_outer_baselines_weighted_topdown_all_seed46_lbdm_only
46,lbdm_weighted_all,L5,0.4347826086956521,0.1394821265685347,0.1785714285714285,0.0,,/gpfs/work/int/yuxuanliu2204/Changheng/xmltoexp/MERIX SUBMISSION/Boundary_Restart/reports/paper_outer_baselines_weighted_topdown_all_seed46_lbdm_only
42,all_boundary_direct,L1+,0.3558215451577802,0.999999837463925,1.0,1.0,,/gpfs/work/int/yuxuanliu2204/Changheng/xmltoexp/MERIX SUBMISSION/Boundary_Restart/reports/paper_outer_missing_baselines_seed42
42,all_boundary_direct,L2+,0.3144722524483134,0.9999999639593378,1.0,1.0,,/gpfs/work/int/yuxuanliu2204/Changheng/xmltoexp/MERIX SUBMISSION/Boundary_Restart/reports/paper_outer_missing_baselines_seed42
42,all_boundary_direct,L3+,0.2110990206746463,1.0000000478053062,1.0,1.0,,/gpfs/work/int/yuxuanliu2204/Changheng/xmltoexp/MERIX SUBMISSION/Boundary_Restart/reports/paper_outer_missing_baselines_seed42
42,all_boundary_direct,L4+,0.1643090315560391,0.9999999020490842,1.0,1.0,,/gpfs/work/int/yuxuanliu2204/Changheng/xmltoexp/MERIX SUBMISSION/Boundary_Restart/reports/paper_outer_missing_baselines_seed42
42,all_boundary_direct,L5,0.1218715995647442,1.0,1.0,1.0,,/gpfs/work/int/yuxuanliu2204/Changheng/xmltoexp/MERIX SUBMISSION/Boundary_Restart/reports/paper_outer_missing_baselines_seed42
43,all_boundary_direct,L1+,0.3558215451577802,0.999999837463925,1.0,1.0,,/gpfs/work/int/yuxuanliu2204/Changheng/xmltoexp/MERIX SUBMISSION/Boundary_Restart/reports/paper_outer_missing_baselines_seed43
43,all_boundary_direct,L2+,0.3144722524483134,0.9999999639593378,1.0,1.0,,/gpfs/work/int/yuxuanliu2204/Changheng/xmltoexp/MERIX SUBMISSION/Boundary_Restart/reports/paper_outer_missing_baselines_seed43
43,all_boundary_direct,L3+,0.2110990206746463,1.0000000478053062,1.0,1.0,,/gpfs/work/int/yuxuanliu2204/Changheng/xmltoexp/MERIX SUBMISSION/Boundary_Restart/reports/paper_outer_missing_baselines_seed43
43,all_boundary_direct,L4+,0.1643090315560391,0.9999999020490842,1.0,1.0,,/gpfs/work/int/yuxuanliu2204/Changheng/xmltoexp/MERIX SUBMISSION/Boundary_Restart/reports/paper_outer_missing_baselines_seed43
43,all_boundary_direct,L5,0.1218715995647442,1.0,1.0,1.0,,/gpfs/work/int/yuxuanliu2204/Changheng/xmltoexp/MERIX SUBMISSION/Boundary_Restart/reports/paper_outer_missing_baselines_seed43
44,all_boundary_direct,L1+,0.3558215451577802,0.999999837463925,1.0,1.0,,/gpfs/work/int/yuxuanliu2204/Changheng/xmltoexp/MERIX SUBMISSION/Boundary_Restart/reports/paper_outer_missing_baselines_seed44
44,all_boundary_direct,L2+,0.3144722524483134,0.9999999639593378,1.0,1.0,,/gpfs/work/int/yuxuanliu2204/Changheng/xmltoexp/MERIX SUBMISSION/Boundary_Restart/reports/paper_outer_missing_baselines_seed44
44,all_boundary_direct,L3+,0.2110990206746463,1.0000000478053062,1.0,1.0,,/gpfs/work/int/yuxuanliu2204/Changheng/xmltoexp/MERIX SUBMISSION/Boundary_Restart/reports/paper_outer_missing_baselines_seed44
44,all_boundary_direct,L4+,0.1643090315560391,0.9999999020490842,1.0,1.0,,/gpfs/work/int/yuxuanliu2204/Changheng/xmltoexp/MERIX SUBMISSION/Boundary_Restart/reports/paper_outer_missing_baselines_seed44
44,all_boundary_direct,L5,0.1218715995647442,1.0,1.0,1.0,,/gpfs/work/int/yuxuanliu2204/Changheng/xmltoexp/MERIX SUBMISSION/Boundary_Restart/reports/paper_outer_missing_baselines_seed44
45,all_boundary_direct,L1+,0.3558215451577802,0.999999837463925,1.0,1.0,,/gpfs/work/int/yuxuanliu2204/Changheng/xmltoexp/MERIX SUBMISSION/Boundary_Restart/reports/paper_outer_missing_baselines_seed45
45,all_boundary_direct,L2+,0.3144722524483134,0.9999999639593378,1.0,1.0,,/gpfs/work/int/yuxuanliu2204/Changheng/xmltoexp/MERIX SUBMISSION/Boundary_Restart/reports/paper_outer_missing_baselines_seed45
45,all_boundary_direct,L3+,0.2110990206746463,1.0000000478053062,1.0,1.0,,/gpfs/work/int/yuxuanliu2204/Changheng/xmltoexp/MERIX SUBMISSION/Boundary_Restart/reports/paper_outer_missing_baselines_seed45
45,all_boundary_direct,L4+,0.1643090315560391,0.9999999020490842,1.0,1.0,,/gpfs/work/int/yuxuanliu2204/Changheng/xmltoexp/MERIX SUBMISSION/Boundary_Restart/reports/paper_outer_missing_baselines_seed45
45,all_boundary_direct,L5,0.1218715995647442,1.0,1.0,1.0,,/gpfs/work/int/yuxuanliu2204/Changheng/xmltoexp/MERIX SUBMISSION/Boundary_Restart/reports/paper_outer_missing_baselines_seed45
46,all_boundary_direct,L1+,0.3558215451577802,0.999999837463925,1.0,1.0,,/gpfs/work/int/yuxuanliu2204/Changheng/xmltoexp/MERIX SUBMISSION/Boundary_Restart/reports/paper_outer_missing_baselines_seed46
46,all_boundary_direct,L2+,0.3144722524483134,0.9999999639593378,1.0,1.0,,/gpfs/work/int/yuxuanliu2204/Changheng/xmltoexp/MERIX SUBMISSION/Boundary_Restart/reports/paper_outer_missing_baselines_seed46
46,all_boundary_direct,L3+,0.2110990206746463,1.0000000478053062,1.0,1.0,,/gpfs/work/int/yuxuanliu2204/Changheng/xmltoexp/MERIX SUBMISSION/Boundary_Restart/reports/paper_outer_missing_baselines_seed46
46,all_boundary_direct,L4+,0.1643090315560391,0.9999999020490842,1.0,1.0,,/gpfs/work/int/yuxuanliu2204/Changheng/xmltoexp/MERIX SUBMISSION/Boundary_Restart/reports/paper_outer_missing_baselines_seed46
46,all_boundary_direct,L5,0.1218715995647442,1.0,1.0,1.0,,/gpfs/work/int/yuxuanliu2204/Changheng/xmltoexp/MERIX SUBMISSION/Boundary_Restart/reports/paper_outer_missing_baselines_seed46
42,periodic_k_direct,L1+,0.7687296416938111,0.7638335063015155,0.7217125382262997,1.0,3.0,/gpfs/work/int/yuxuanliu2204/Changheng/xmltoexp/MERIX SUBMISSION/Boundary_Restart/reports/paper_outer_missing_baselines_seed42
42,periodic_k_direct,L2+,0.8051948051948052,0.5989953917688462,0.4290657439446367,1.0,6.0,/gpfs/work/int/yuxuanliu2204/Changheng/xmltoexp/MERIX SUBMISSION/Boundary_Restart/reports/paper_outer_missing_baselines_seed42
42,periodic_k_direct,L3+,0.7692307692307693,0.5887888549577449,0.3092783505154639,1.0,12.0,/gpfs/work/int/yuxuanliu2204/Changheng/xmltoexp/MERIX SUBMISSION/Boundary_Restart/reports/paper_outer_missing_baselines_seed42
42,periodic_k_direct,L4+,0.85,0.5167057572446538,0.2251655629139073,1.0,24.0,/gpfs/work/int/yuxuanliu2204/Changheng/xmltoexp/MERIX SUBMISSION/Boundary_Restart/reports/paper_outer_missing_baselines_seed42
42,periodic_k_direct,L5,0.7142857142857143,0.39548855258775,0.1339285714285714,0.8,48.0,/gpfs/work/int/yuxuanliu2204/Changheng/xmltoexp/MERIX SUBMISSION/Boundary_Restart/reports/paper_outer_missing_baselines_seed42
43,periodic_k_direct,L1+,0.7687296416938111,0.7638335063015155,0.7217125382262997,1.0,3.0,/gpfs/work/int/yuxuanliu2204/Changheng/xmltoexp/MERIX SUBMISSION/Boundary_Restart/reports/paper_outer_missing_baselines_seed43
43,periodic_k_direct,L2+,0.8051948051948052,0.5989953917688462,0.4290657439446367,1.0,6.0,/gpfs/work/int/yuxuanliu2204/Changheng/xmltoexp/MERIX SUBMISSION/Boundary_Restart/reports/paper_outer_missing_baselines_seed43
43,periodic_k_direct,L3+,0.7692307692307693,0.5887888549577449,0.3092783505154639,1.0,12.0,/gpfs/work/int/yuxuanliu2204/Changheng/xmltoexp/MERIX SUBMISSION/Boundary_Restart/reports/paper_outer_missing_baselines_seed43
43,periodic_k_direct,L4+,0.85,0.5167057572446538,0.2251655629139073,1.0,24.0,/gpfs/work/int/yuxuanliu2204/Changheng/xmltoexp/MERIX SUBMISSION/Boundary_Restart/reports/paper_outer_missing_baselines_seed43
43,periodic_k_direct,L5,0.7142857142857143,0.39548855258775,0.1339285714285714,0.8,48.0,/gpfs/work/int/yuxuanliu2204/Changheng/xmltoexp/MERIX SUBMISSION/Boundary_Restart/reports/paper_outer_missing_baselines_seed43
44,periodic_k_direct,L1+,0.7687296416938111,0.7638335063015155,0.7217125382262997,1.0,3.0,/gpfs/work/int/yuxuanliu2204/Changheng/xmltoexp/MERIX SUBMISSION/Boundary_Restart/reports/paper_outer_missing_baselines_seed44
44,periodic_k_direct,L2+,0.8051948051948052,0.5989953917688462,0.4290657439446367,1.0,6.0,/gpfs/work/int/yuxuanliu2204/Changheng/xmltoexp/MERIX SUBMISSION/Boundary_Restart/reports/paper_outer_missing_baselines_seed44
44,periodic_k_direct,L3+,0.7692307692307693,0.5887888549577449,0.3092783505154639,1.0,12.0,/gpfs/work/int/yuxuanliu2204/Changheng/xmltoexp/MERIX SUBMISSION/Boundary_Restart/reports/paper_outer_missing_baselines_seed44
44,periodic_k_direct,L4+,0.85,0.5167057572446538,0.2251655629139073,1.0,24.0,/gpfs/work/int/yuxuanliu2204/Changheng/xmltoexp/MERIX SUBMISSION/Boundary_Restart/reports/paper_outer_missing_baselines_seed44
44,periodic_k_direct,L5,0.7142857142857143,0.39548855258775,0.1339285714285714,0.8,48.0,/gpfs/work/int/yuxuanliu2204/Changheng/xmltoexp/MERIX SUBMISSION/Boundary_Restart/reports/paper_outer_missing_baselines_seed44
45,periodic_k_direct,L1+,0.7687296416938111,0.7638335063015155,0.7217125382262997,1.0,3.0,/gpfs/work/int/yuxuanliu2204/Changheng/xmltoexp/MERIX SUBMISSION/Boundary_Restart/reports/paper_outer_missing_baselines_seed45
45,periodic_k_direct,L2+,0.8051948051948052,0.5989953917688462,0.4290657439446367,1.0,6.0,/gpfs/work/int/yuxuanliu2204/Changheng/xmltoexp/MERIX SUBMISSION/Boundary_Restart/reports/paper_outer_missing_baselines_seed45
45,periodic_k_direct,L3+,0.7692307692307693,0.5887888549577449,0.3092783505154639,1.0,12.0,/gpfs/work/int/yuxuanliu2204/Changheng/xmltoexp/MERIX SUBMISSION/Boundary_Restart/reports/paper_outer_missing_baselines_seed45
45,periodic_k_direct,L4+,0.85,0.5167057572446538,0.2251655629139073,1.0,24.0,/gpfs/work/int/yuxuanliu2204/Changheng/xmltoexp/MERIX SUBMISSION/Boundary_Restart/reports/paper_outer_missing_baselines_seed45
45,periodic_k_direct,L5,0.7142857142857143,0.39548855258775,0.1339285714285714,0.8,48.0,/gpfs/work/int/yuxuanliu2204/Changheng/xmltoexp/MERIX SUBMISSION/Boundary_Restart/reports/paper_outer_missing_baselines_seed45
46,periodic_k_direct,L1+,0.7687296416938111,0.7638335063015155,0.7217125382262997,1.0,3.0,/gpfs/work/int/yuxuanliu2204/Changheng/xmltoexp/MERIX SUBMISSION/Boundary_Restart/reports/paper_outer_missing_baselines_seed46
46,periodic_k_direct,L2+,0.8051948051948052,0.5989953917688462,0.4290657439446367,1.0,6.0,/gpfs/work/int/yuxuanliu2204/Changheng/xmltoexp/MERIX SUBMISSION/Boundary_Restart/reports/paper_outer_missing_baselines_seed46
46,periodic_k_direct,L3+,0.7692307692307693,0.5887888549577449,0.3092783505154639,1.0,12.0,/gpfs/work/int/yuxuanliu2204/Changheng/xmltoexp/MERIX SUBMISSION/Boundary_Restart/reports/paper_outer_missing_baselines_seed46
46,periodic_k_direct,L4+,0.85,0.5167057572446538,0.2251655629139073,1.0,24.0,/gpfs/work/int/yuxuanliu2204/Changheng/xmltoexp/MERIX SUBMISSION/Boundary_Restart/reports/paper_outer_missing_baselines_seed46
46,periodic_k_direct,L5,0.7142857142857143,0.39548855258775,0.1339285714285714,0.8,48.0,/gpfs/work/int/yuxuanliu2204/Changheng/xmltoexp/MERIX SUBMISSION/Boundary_Restart/reports/paper_outer_missing_baselines_seed46
42,downbeat_only_direct,L1+,0.758957654723127,0.6682715749614021,0.7125382262996942,1.0,,/gpfs/work/int/yuxuanliu2204/Changheng/xmltoexp/MERIX SUBMISSION/Boundary_Restart/reports/paper_outer_missing_baselines_seed42
42,downbeat_only_direct,L2+,0.6677524429967426,0.6568849486193508,0.7093425605536332,1.0,,/gpfs/work/int/yuxuanliu2204/Changheng/xmltoexp/MERIX SUBMISSION/Boundary_Restart/reports/paper_outer_missing_baselines_seed42
42,downbeat_only_direct,L3+,0.4495114006514658,0.6056580209176898,0.711340206185567,1.0,,/gpfs/work/int/yuxuanliu2204/Changheng/xmltoexp/MERIX SUBMISSION/Boundary_Restart/reports/paper_outer_missing_baselines_seed42
42,downbeat_only_direct,L4+,0.3517915309446254,0.5389659517719075,0.7152317880794702,1.0,,/gpfs/work/int/yuxuanliu2204/Changheng/xmltoexp/MERIX SUBMISSION/Boundary_Restart/reports/paper_outer_missing_baselines_seed42
42,downbeat_only_direct,L5,0.247557003257329,0.4642285862885535,0.6785714285714286,1.0,,/gpfs/work/int/yuxuanliu2204/Changheng/xmltoexp/MERIX SUBMISSION/Boundary_Restart/reports/paper_outer_missing_baselines_seed42
43,downbeat_only_direct,L1+,0.758957654723127,0.6682715749614021,0.7125382262996942,1.0,,/gpfs/work/int/yuxuanliu2204/Changheng/xmltoexp/MERIX SUBMISSION/Boundary_Restart/reports/paper_outer_missing_baselines_seed43
43,downbeat_only_direct,L2+,0.6677524429967426,0.6568849486193508,0.7093425605536332,1.0,,/gpfs/work/int/yuxuanliu2204/Changheng/xmltoexp/MERIX SUBMISSION/Boundary_Restart/reports/paper_outer_missing_baselines_seed43
43,downbeat_only_direct,L3+,0.4495114006514658,0.6056580209176898,0.711340206185567,1.0,,/gpfs/work/int/yuxuanliu2204/Changheng/xmltoexp/MERIX SUBMISSION/Boundary_Restart/reports/paper_outer_missing_baselines_seed43
43,downbeat_only_direct,L4+,0.3517915309446254,0.5389659517719075,0.7152317880794702,1.0,,/gpfs/work/int/yuxuanliu2204/Changheng/xmltoexp/MERIX SUBMISSION/Boundary_Restart/reports/paper_outer_missing_baselines_seed43
43,downbeat_only_direct,L5,0.247557003257329,0.4642285862885535,0.6785714285714286,1.0,,/gpfs/work/int/yuxuanliu2204/Changheng/xmltoexp/MERIX SUBMISSION/Boundary_Restart/reports/paper_outer_missing_baselines_seed43
44,downbeat_only_direct,L1+,0.758957654723127,0.6682715749614021,0.7125382262996942,1.0,,/gpfs/work/int/yuxuanliu2204/Changheng/xmltoexp/MERIX SUBMISSION/Boundary_Restart/reports/paper_outer_missing_baselines_seed44
44,downbeat_only_direct,L2+,0.6677524429967426,0.6568849486193508,0.7093425605536332,1.0,,/gpfs/work/int/yuxuanliu2204/Changheng/xmltoexp/MERIX SUBMISSION/Boundary_Restart/reports/paper_outer_missing_baselines_seed44
44,downbeat_only_direct,L3+,0.4495114006514658,0.6056580209176898,0.711340206185567,1.0,,/gpfs/work/int/yuxuanliu2204/Changheng/xmltoexp/MERIX SUBMISSION/Boundary_Restart/reports/paper_outer_missing_baselines_seed44
44,downbeat_only_direct,L4+,0.3517915309446254,0.5389659517719075,0.7152317880794702,1.0,,/gpfs/work/int/yuxuanliu2204/Changheng/xmltoexp/MERIX SUBMISSION/Boundary_Restart/reports/paper_outer_missing_baselines_seed44
44,downbeat_only_direct,L5,0.247557003257329,0.4642285862885535,0.6785714285714286,1.0,,/gpfs/work/int/yuxuanliu2204/Changheng/xmltoexp/MERIX SUBMISSION/Boundary_Restart/reports/paper_outer_missing_baselines_seed44
45,downbeat_only_direct,L1+,0.758957654723127,0.6682715749614021,0.7125382262996942,1.0,,/gpfs/work/int/yuxuanliu2204/Changheng/xmltoexp/MERIX SUBMISSION/Boundary_Restart/reports/paper_outer_missing_baselines_seed45
45,downbeat_only_direct,L2+,0.6677524429967426,0.6568849486193508,0.7093425605536332,1.0,,/gpfs/work/int/yuxuanliu2204/Changheng/xmltoexp/MERIX SUBMISSION/Boundary_Restart/reports/paper_outer_missing_baselines_seed45
45,downbeat_only_direct,L3+,0.4495114006514658,0.6056580209176898,0.711340206185567,1.0,,/gpfs/work/int/yuxuanliu2204/Changheng/xmltoexp/MERIX SUBMISSION/Boundary_Restart/reports/paper_outer_missing_baselines_seed45
45,downbeat_only_direct,L4+,0.3517915309446254,0.5389659517719075,0.7152317880794702,1.0,,/gpfs/work/int/yuxuanliu2204/Changheng/xmltoexp/MERIX SUBMISSION/Boundary_Restart/reports/paper_outer_missing_baselines_seed45
45,downbeat_only_direct,L5,0.247557003257329,0.4642285862885535,0.6785714285714286,1.0,,/gpfs/work/int/yuxuanliu2204/Changheng/xmltoexp/MERIX SUBMISSION/Boundary_Restart/reports/paper_outer_missing_baselines_seed45
46,downbeat_only_direct,L1+,0.758957654723127,0.6682715749614021,0.7125382262996942,1.0,,/gpfs/work/int/yuxuanliu2204/Changheng/xmltoexp/MERIX SUBMISSION/Boundary_Restart/reports/paper_outer_missing_baselines_seed46
46,downbeat_only_direct,L2+,0.6677524429967426,0.6568849486193508,0.7093425605536332,1.0,,/gpfs/work/int/yuxuanliu2204/Changheng/xmltoexp/MERIX SUBMISSION/Boundary_Restart/reports/paper_outer_missing_baselines_seed46
46,downbeat_only_direct,L3+,0.4495114006514658,0.6056580209176898,0.711340206185567,1.0,,/gpfs/work/int/yuxuanliu2204/Changheng/xmltoexp/MERIX SUBMISSION/Boundary_Restart/reports/paper_outer_missing_baselines_seed46
46,downbeat_only_direct,L4+,0.3517915309446254,0.5389659517719075,0.7152317880794702,1.0,,/gpfs/work/int/yuxuanliu2204/Changheng/xmltoexp/MERIX SUBMISSION/Boundary_Restart/reports/paper_outer_missing_baselines_seed46
46,downbeat_only_direct,L5,0.247557003257329,0.4642285862885535,0.6785714285714286,1.0,,/gpfs/work/int/yuxuanliu2204/Changheng/xmltoexp/MERIX SUBMISSION/Boundary_Restart/reports/paper_outer_missing_baselines_seed46
42,logreg_window7_weighted_all,L1+,0.896551724137931,0.3354768401290127,0.3180428134556575,0.0,,/gpfs/work/int/yuxuanliu2204/Changheng/xmltoexp/MERIX SUBMISSION/Boundary_Restart/reports/paper_outer_missing_baselines_seed42
42,logreg_window7_weighted_all,L2+,0.875,0.353043420384267,0.314878892733564,0.2,,/gpfs/work/int/yuxuanliu2204/Changheng/xmltoexp/MERIX SUBMISSION/Boundary_Restart/reports/paper_outer_missing_baselines_seed42
42,logreg_window7_weighted_all,L3+,0.76,0.2102111357202204,0.1958762886597938,0.0,,/gpfs/work/int/yuxuanliu2204/Changheng/xmltoexp/MERIX SUBMISSION/Boundary_Restart/reports/paper_outer_missing_baselines_seed42
42,logreg_window7_weighted_all,L4+,0.7027027027027027,0.1360937238032316,0.1721854304635761,0.0,,/gpfs/work/int/yuxuanliu2204/Changheng/xmltoexp/MERIX SUBMISSION/Boundary_Restart/reports/paper_outer_missing_baselines_seed42
42,logreg_window7_weighted_all,L5,0.5675675675675675,0.1201281518669727,0.1875,0.0,,/gpfs/work/int/yuxuanliu2204/Changheng/xmltoexp/MERIX SUBMISSION/Boundary_Restart/reports/paper_outer_missing_baselines_seed42
43,logreg_window7_weighted_all,L1+,0.896551724137931,0.3354768401290127,0.3180428134556575,0.0,,/gpfs/work/int/yuxuanliu2204/Changheng/xmltoexp/MERIX SUBMISSION/Boundary_Restart/reports/paper_outer_missing_baselines_seed43
43,logreg_window7_weighted_all,L2+,0.875,0.353043420384267,0.314878892733564,0.2,,/gpfs/work/int/yuxuanliu2204/Changheng/xmltoexp/MERIX SUBMISSION/Boundary_Restart/reports/paper_outer_missing_baselines_seed43
43,logreg_window7_weighted_all,L3+,0.76,0.2102111357202204,0.1958762886597938,0.0,,/gpfs/work/int/yuxuanliu2204/Changheng/xmltoexp/MERIX SUBMISSION/Boundary_Restart/reports/paper_outer_missing_baselines_seed43
43,logreg_window7_weighted_all,L4+,0.7027027027027027,0.1360937238032316,0.1721854304635761,0.0,,/gpfs/work/int/yuxuanliu2204/Changheng/xmltoexp/MERIX SUBMISSION/Boundary_Restart/reports/paper_outer_missing_baselines_seed43
43,logreg_window7_weighted_all,L5,0.5675675675675675,0.1201281518669727,0.1875,0.0,,/gpfs/work/int/yuxuanliu2204/Changheng/xmltoexp/MERIX SUBMISSION/Boundary_Restart/reports/paper_outer_missing_baselines_seed43
44,logreg_window7_weighted_all,L1+,0.896551724137931,0.3354768401290127,0.3180428134556575,0.0,,/gpfs/work/int/yuxuanliu2204/Changheng/xmltoexp/MERIX SUBMISSION/Boundary_Restart/reports/paper_outer_missing_baselines_seed44
44,logreg_window7_weighted_all,L2+,0.875,0.353043420384267,0.314878892733564,0.2,,/gpfs/work/int/yuxuanliu2204/Changheng/xmltoexp/MERIX SUBMISSION/Boundary_Restart/reports/paper_outer_missing_baselines_seed44
44,logreg_window7_weighted_all,L3+,0.76,0.2102111357202204,0.1958762886597938,0.0,,/gpfs/work/int/yuxuanliu2204/Changheng/xmltoexp/MERIX SUBMISSION/Boundary_Restart/reports/paper_outer_missing_baselines_seed44
44,logreg_window7_weighted_all,L4+,0.7027027027027027,0.1360937238032316,0.1721854304635761,0.0,,/gpfs/work/int/yuxuanliu2204/Changheng/xmltoexp/MERIX SUBMISSION/Boundary_Restart/reports/paper_outer_missing_baselines_seed44
44,logreg_window7_weighted_all,L5,0.5675675675675675,0.1201281518669727,0.1875,0.0,,/gpfs/work/int/yuxuanliu2204/Changheng/xmltoexp/MERIX SUBMISSION/Boundary_Restart/reports/paper_outer_missing_baselines_seed44
45,logreg_window7_weighted_all,L1+,0.896551724137931,0.3354768401290127,0.3180428134556575,0.0,,/gpfs/work/int/yuxuanliu2204/Changheng/xmltoexp/MERIX SUBMISSION/Boundary_Restart/reports/paper_outer_missing_baselines_seed45
45,logreg_window7_weighted_all,L2+,0.875,0.353043420384267,0.314878892733564,0.2,,/gpfs/work/int/yuxuanliu2204/Changheng/xmltoexp/MERIX SUBMISSION/Boundary_Restart/reports/paper_outer_missing_baselines_seed45
45,logreg_window7_weighted_all,L3+,0.76,0.2102111357202204,0.1958762886597938,0.0,,/gpfs/work/int/yuxuanliu2204/Changheng/xmltoexp/MERIX SUBMISSION/Boundary_Restart/reports/paper_outer_missing_baselines_seed45
45,logreg_window7_weighted_all,L4+,0.7027027027027027,0.1360937238032316,0.1721854304635761,0.0,,/gpfs/work/int/yuxuanliu2204/Changheng/xmltoexp/MERIX SUBMISSION/Boundary_Restart/reports/paper_outer_missing_baselines_seed45
45,logreg_window7_weighted_all,L5,0.5675675675675675,0.1201281518669727,0.1875,0.0,,/gpfs/work/int/yuxuanliu2204/Changheng/xmltoexp/MERIX SUBMISSION/Boundary_Restart/reports/paper_outer_missing_baselines_seed45
46,logreg_window7_weighted_all,L1+,0.896551724137931,0.3354768401290127,0.3180428134556575,0.0,,/gpfs/work/int/yuxuanliu2204/Changheng/xmltoexp/MERIX SUBMISSION/Boundary_Restart/reports/paper_outer_missing_baselines_seed46
46,logreg_window7_weighted_all,L2+,0.875,0.353043420384267,0.314878892733564,0.2,,/gpfs/work/int/yuxuanliu2204/Changheng/xmltoexp/MERIX SUBMISSION/Boundary_Restart/reports/paper_outer_missing_baselines_seed46
46,logreg_window7_weighted_all,L3+,0.76,0.2102111357202204,0.1958762886597938,0.0,,/gpfs/work/int/yuxuanliu2204/Changheng/xmltoexp/MERIX SUBMISSION/Boundary_Restart/reports/paper_outer_missing_baselines_seed46
46,logreg_window7_weighted_all,L4+,0.7027027027027027,0.1360937238032316,0.1721854304635761,0.0,,/gpfs/work/int/yuxuanliu2204/Changheng/xmltoexp/MERIX SUBMISSION/Boundary_Restart/reports/paper_outer_missing_baselines_seed46
46,logreg_window7_weighted_all,L5,0.5675675675675675,0.1201281518669727,0.1875,0.0,,/gpfs/work/int/yuxuanliu2204/Changheng/xmltoexp/MERIX SUBMISSION/Boundary_Restart/reports/paper_outer_missing_baselines_seed46
42,cnn_weighted_all,L1+,0.9230769230769232,0.4811236616231018,0.3669724770642202,0.2,,/gpfs/work/int/yuxuanliu2204/Changheng/xmltoexp/MERIX SUBMISSION/Boundary_Restart/reports/paper_outer_baselines_weighted_topdown_all_seed42_cnn1d
42,cnn_weighted_all,L2+,0.8515625,0.4905637887645254,0.3771626297577855,0.2,,/gpfs/work/int/yuxuanliu2204/Changheng/xmltoexp/MERIX SUBMISSION/Boundary_Restart/reports/paper_outer_baselines_weighted_topdown_all_seed42_cnn1d
42,cnn_weighted_all,L3+,0.8813559322033898,0.3470451599995793,0.268041237113402,0.2,,/gpfs/work/int/yuxuanliu2204/Changheng/xmltoexp/MERIX SUBMISSION/Boundary_Restart/reports/paper_outer_baselines_weighted_topdown_all_seed42_cnn1d
42,cnn_weighted_all,L4+,0.8666666666666667,0.1869821498332304,0.1721854304635761,0.2,,/gpfs/work/int/yuxuanliu2204/Changheng/xmltoexp/MERIX SUBMISSION/Boundary_Restart/reports/paper_outer_baselines_weighted_topdown_all_seed42_cnn1d
42,cnn_weighted_all,L5,0.8709677419354839,0.3602509735106048,0.2410714285714285,0.6,,/gpfs/work/int/yuxuanliu2204/Changheng/xmltoexp/MERIX SUBMISSION/Boundary_Restart/reports/paper_outer_baselines_weighted_topdown_all_seed42_cnn1d
43,cnn_weighted_all,L1+,0.9166666666666666,0.5093685387338827,0.3363914373088685,0.8,,/gpfs/work/int/yuxuanliu2204/Changheng/xmltoexp/MERIX SUBMISSION/Boundary_Restart/reports/paper_outer_baselines_weighted_topdown_all_seed43_cnn1d
43,cnn_weighted_all,L2+,0.85,0.5204549679493995,0.3529411764705882,0.8,,/gpfs/work/int/yuxuanliu2204/Changheng/xmltoexp/MERIX SUBMISSION/Boundary_Restart/reports/paper_outer_baselines_weighted_topdown_all_seed43_cnn1d
43,cnn_weighted_all,L3+,0.8676470588235294,0.4201975984526378,0.3041237113402061,0.4,,/gpfs/work/int/yuxuanliu2204/Changheng/xmltoexp/MERIX SUBMISSION/Boundary_Restart/reports/paper_outer_baselines_weighted_topdown_all_seed43_cnn1d
43,cnn_weighted_all,L4+,0.9117647058823528,0.3699978467123673,0.2052980132450331,0.8,,/gpfs/work/int/yuxuanliu2204/Changheng/xmltoexp/MERIX SUBMISSION/Boundary_Restart/reports/paper_outer_baselines_weighted_topdown_all_seed43_cnn1d
43,cnn_weighted_all,L5,0.8695652173913043,0.3981580552236927,0.1785714285714285,0.8,,/gpfs/work/int/yuxuanliu2204/Changheng/xmltoexp/MERIX SUBMISSION/Boundary_Restart/reports/paper_outer_baselines_weighted_topdown_all_seed43_cnn1d
44,cnn_weighted_all,L1+,0.9583333333333334,0.546687739902231,0.3516819571865443,0.8,,/gpfs/work/int/yuxuanliu2204/Changheng/xmltoexp/MERIX SUBMISSION/Boundary_Restart/reports/paper_outer_baselines_weighted_topdown_all_seed44_cnn1d
44,cnn_weighted_all,L2+,0.9043478260869564,0.5494823155318171,0.3598615916955017,0.8,,/gpfs/work/int/yuxuanliu2204/Changheng/xmltoexp/MERIX SUBMISSION/Boundary_Restart/reports/paper_outer_baselines_weighted_topdown_all_seed44_cnn1d
44,cnn_weighted_all,L3+,0.8809523809523809,0.373375426303818,0.190721649484536,0.8,,/gpfs/work/int/yuxuanliu2204/Changheng/xmltoexp/MERIX SUBMISSION/Boundary_Restart/reports/paper_outer_baselines_weighted_topdown_all_seed44_cnn1d
44,cnn_weighted_all,L4+,0.8571428571428571,0.378168528468699,0.1986754966887417,0.8,,/gpfs/work/int/yuxuanliu2204/Changheng/xmltoexp/MERIX SUBMISSION/Boundary_Restart/reports/paper_outer_baselines_weighted_topdown_all_seed44_cnn1d
44,cnn_weighted_all,L5,0.8055555555555556,0.4484784253054135,0.2589285714285714,0.8,,/gpfs/work/int/yuxuanliu2204/Changheng/xmltoexp/MERIX SUBMISSION/Boundary_Restart/reports/paper_outer_baselines_weighted_topdown_all_seed44_cnn1d
45,cnn_weighted_all,L1+,0.9083969465648856,0.5322244347535741,0.363914373088685,0.4,,/gpfs/work/int/yuxuanliu2204/Changheng/xmltoexp/MERIX SUBMISSION/Boundary_Restart/reports/paper_outer_baselines_weighted_topdown_all_seed45_cnn1d
45,cnn_weighted_all,L2+,0.8504672897196262,0.5289003042480624,0.314878892733564,0.4,,/gpfs/work/int/yuxuanliu2204/Changheng/xmltoexp/MERIX SUBMISSION/Boundary_Restart/reports/paper_outer_baselines_weighted_topdown_all_seed45_cnn1d
45,cnn_weighted_all,L3+,0.8604651162790697,0.2598387637571719,0.190721649484536,0.0,,/gpfs/work/int/yuxuanliu2204/Changheng/xmltoexp/MERIX SUBMISSION/Boundary_Restart/reports/paper_outer_baselines_weighted_topdown_all_seed45_cnn1d
45,cnn_weighted_all,L4+,0.8571428571428571,0.1756851003352043,0.119205298013245,0.2,,/gpfs/work/int/yuxuanliu2204/Changheng/xmltoexp/MERIX SUBMISSION/Boundary_Restart/reports/paper_outer_baselines_weighted_topdown_all_seed45_cnn1d
45,cnn_weighted_all,L5,0.8064516129032258,0.3432995525304914,0.2232142857142857,0.6,,/gpfs/work/int/yuxuanliu2204/Changheng/xmltoexp/MERIX SUBMISSION/Boundary_Restart/reports/paper_outer_baselines_weighted_topdown_all_seed45_cnn1d
46,cnn_weighted_all,L1+,0.8583333333333333,0.478129332653044,0.3149847094801223,0.6,,/gpfs/work/int/yuxuanliu2204/Changheng/xmltoexp/MERIX SUBMISSION/Boundary_Restart/reports/paper_outer_baselines_weighted_topdown_all_seed46_cnn1d
46,cnn_weighted_all,L2+,0.8620689655172413,0.4855334043238271,0.3460207612456747,0.2,,/gpfs/work/int/yuxuanliu2204/Changheng/xmltoexp/MERIX SUBMISSION/Boundary_Restart/reports/paper_outer_baselines_weighted_topdown_all_seed46_cnn1d
46,cnn_weighted_all,L3+,0.8695652173913043,0.2992752088135775,0.2061855670103092,0.2,,/gpfs/work/int/yuxuanliu2204/Changheng/xmltoexp/MERIX SUBMISSION/Boundary_Restart/reports/paper_outer_baselines_weighted_topdown_all_seed46_cnn1d
46,cnn_weighted_all,L4+,0.8571428571428571,0.2332405034138343,0.1589403973509933,0.4,,/gpfs/work/int/yuxuanliu2204/Changheng/xmltoexp/MERIX SUBMISSION/Boundary_Restart/reports/paper_outer_baselines_weighted_topdown_all_seed46_cnn1d
46,cnn_weighted_all,L5,0.8571428571428571,0.4042979473570363,0.2142857142857142,0.8,,/gpfs/work/int/yuxuanliu2204/Changheng/xmltoexp/MERIX SUBMISSION/Boundary_Restart/reports/paper_outer_baselines_weighted_topdown_all_seed46_cnn1d
