level_label,source_score_path,sample_id,piece_id,event_rank,beat_idx,detector_score,threshold,union_target_at_beat,frequency_target_at_beat,performer_count,matched_union,match_offset,matched_true_beat_idx,measure_number,beat_in_measure
L4+,"/Users/toddywang/Documents/VsCodeProjects/xmltoexp/ATEPP-1.2/ATEPP-1.2/Wolfgang_Amadeus_Mozart/Piano_Sonata_No._11_in_A_Major,_K._331/1._Tema_(Andante_grazioso)_con_variazioni/Sonata_No._11_1st_Movement_K._331.mxl",mozart_k331_i,mozart_k331_i,1,23,0.8686827421188354,0.7243902450654565,0.0,0.0,1,False,,,8,3
L4+,"/Users/toddywang/Documents/VsCodeProjects/xmltoexp/ATEPP-1.2/ATEPP-1.2/Wolfgang_Amadeus_Mozart/Piano_Sonata_No._11_in_A_Major,_K._331/1._Tema_(Andante_grazioso)_con_variazioni/Sonata_No._11_1st_Movement_K._331.mxl",mozart_k331_i,mozart_k331_i,2,47,0.8911577463150024,0.7243902450654565,0.0,0.0,1,False,,,8,3
L4+,"/Users/toddywang/Documents/VsCodeProjects/xmltoexp/ATEPP-1.2/ATEPP-1.2/Wolfgang_Amadeus_Mozart/Piano_Sonata_No._11_in_A_Major,_K._331/1._Tema_(Andante_grazioso)_con_variazioni/Sonata_No._11_1st_Movement_K._331.mxl",mozart_k331_i,mozart_k331_i,3,77,0.8874748945236206,0.7243902450654565,0.0,0.0,1,False,,,18,3
L4+,"/Users/toddywang/Documents/VsCodeProjects/xmltoexp/ATEPP-1.2/ATEPP-1.2/Wolfgang_Amadeus_Mozart/Piano_Sonata_No._11_in_A_Major,_K._331/1._Tema_(Andante_grazioso)_con_variazioni/Sonata_No._11_1st_Movement_K._331.mxl",mozart_k331_i,mozart_k331_i,4,107,0.8869073987007141,0.7243902450654565,0.0,0.0,1,False,,,18,3
L4+,"/Users/toddywang/Documents/VsCodeProjects/xmltoexp/ATEPP-1.2/ATEPP-1.2/Wolfgang_Amadeus_Mozart/Piano_Sonata_No._11_in_A_Major,_K._331/1._Tema_(Andante_grazioso)_con_variazioni/Sonata_No._11_1st_Movement_K._331.mxl",mozart_k331_i,mozart_k331_i,5,132,0.8106970191001892,0.7243902450654565,0.0,0.0,1,False,,,19,1
L4+,"/Users/toddywang/Documents/VsCodeProjects/xmltoexp/ATEPP-1.2/ATEPP-1.2/Wolfgang_Amadeus_Mozart/Piano_Sonata_No._11_in_A_Major,_K._331/1._Tema_(Andante_grazioso)_con_variazioni/Sonata_No._11_1st_Movement_K._331.mxl",mozart_k331_i,mozart_k331_i,6,156,0.8017987608909607,0.7243902450654565,0.0,0.0,1,False,,,27,1
L4+,"/Users/toddywang/Documents/VsCodeProjects/xmltoexp/ATEPP-1.2/ATEPP-1.2/Wolfgang_Amadeus_Mozart/Piano_Sonata_No._11_in_A_Major,_K._331/1._Tema_(Andante_grazioso)_con_variazioni/Sonata_No._11_1st_Movement_K._331.mxl",mozart_k331_i,mozart_k331_i,7,186,0.8089839816093445,0.7243902450654565,0.0,0.0,1,False,,,27,1
L4+,"/Users/toddywang/Documents/VsCodeProjects/xmltoexp/ATEPP-1.2/ATEPP-1.2/Wolfgang_Amadeus_Mozart/Piano_Sonata_No._11_in_A_Major,_K._331/1._Tema_(Andante_grazioso)_con_variazioni/Sonata_No._11_1st_Movement_K._331.mxl",mozart_k331_i,mozart_k331_i,8,215,0.7988876700401306,0.7243902450654565,0.0,0.0,1,False,,,36,3
L4+,"/Users/toddywang/Documents/VsCodeProjects/xmltoexp/ATEPP-1.2/ATEPP-1.2/Wolfgang_Amadeus_Mozart/Piano_Sonata_No._11_in_A_Major,_K._331/1._Tema_(Andante_grazioso)_con_variazioni/Sonata_No._11_1st_Movement_K._331.mxl",mozart_k331_i,mozart_k331_i,9,275,0.7461814880371094,0.7243902450654565,0.0,0.0,1,False,,,48,3
L4+,"/Users/toddywang/Documents/VsCodeProjects/xmltoexp/ATEPP-1.2/ATEPP-1.2/Wolfgang_Amadeus_Mozart/Piano_Sonata_No._11_in_A_Major,_K._331/1._Tema_(Andante_grazioso)_con_variazioni/Sonata_No._11_1st_Movement_K._331.mxl",mozart_k331_i,mozart_k331_i,10,293,0.7332402467727661,0.7243902450654565,0.0,0.0,1,False,,,54,3
L4+,"/Users/toddywang/Documents/VsCodeProjects/xmltoexp/ATEPP-1.2/ATEPP-1.2/Wolfgang_Amadeus_Mozart/Piano_Sonata_No._11_in_A_Major,_K._331/1._Tema_(Andante_grazioso)_con_variazioni/Sonata_No._11_1st_Movement_K._331.mxl",mozart_k331_i,mozart_k331_i,11,305,0.7509027123451233,0.7243902450654565,0.0,0.0,1,False,,,48,3
L4+,"/Users/toddywang/Documents/VsCodeProjects/xmltoexp/ATEPP-1.2/ATEPP-1.2/Wolfgang_Amadeus_Mozart/Piano_Sonata_No._11_in_A_Major,_K._331/1._Tema_(Andante_grazioso)_con_variazioni/Sonata_No._11_1st_Movement_K._331.mxl",mozart_k331_i,mozart_k331_i,12,323,0.72786945104599,0.7243902450654565,0.0,0.0,1,False,,,54,3
L4+,"/Users/toddywang/Documents/VsCodeProjects/xmltoexp/ATEPP-1.2/ATEPP-1.2/Wolfgang_Amadeus_Mozart/Piano_Sonata_No._11_in_A_Major,_K._331/1._Tema_(Andante_grazioso)_con_variazioni/Sonata_No._11_1st_Movement_K._331.mxl",mozart_k331_i,mozart_k331_i,13,347,0.7521386742591858,0.7243902450654565,0.0,0.0,1,False,,,62,3
L4+,"/Users/toddywang/Documents/VsCodeProjects/xmltoexp/ATEPP-1.2/ATEPP-1.2/Wolfgang_Amadeus_Mozart/Piano_Sonata_No._11_in_A_Major,_K._331/1._Tema_(Andante_grazioso)_con_variazioni/Sonata_No._11_1st_Movement_K._331.mxl",mozart_k331_i,mozart_k331_i,14,371,0.7426564693450928,0.7243902450654565,0.0,0.0,1,False,,,62,3
L4+,"/Users/toddywang/Documents/VsCodeProjects/xmltoexp/ATEPP-1.2/ATEPP-1.2/Wolfgang_Amadeus_Mozart/Piano_Sonata_No._11_in_A_Major,_K._331/1._Tema_(Andante_grazioso)_con_variazioni/Sonata_No._11_1st_Movement_K._331.mxl",mozart_k331_i,mozart_k331_i,15,401,0.7942226529121399,0.7243902450654565,0.0,0.0,1,False,,,72,3
L4+,"/Users/toddywang/Documents/VsCodeProjects/xmltoexp/ATEPP-1.2/ATEPP-1.2/Wolfgang_Amadeus_Mozart/Piano_Sonata_No._11_in_A_Major,_K._331/1._Tema_(Andante_grazioso)_con_variazioni/Sonata_No._11_1st_Movement_K._331.mxl",mozart_k331_i,mozart_k331_i,16,431,0.8037443161010742,0.7243902450654565,0.0,0.0,1,False,,,72,3
L4+,"/Users/toddywang/Documents/VsCodeProjects/xmltoexp/ATEPP-1.2/ATEPP-1.2/Wolfgang_Amadeus_Mozart/Piano_Sonata_No._11_in_A_Major,_K._331/1._Tema_(Andante_grazioso)_con_variazioni/Sonata_No._11_1st_Movement_K._331.mxl",mozart_k331_i,mozart_k331_i,17,480,0.7279796004295349,0.7243902450654565,0.0,0.0,1,False,,,81,1
L4+,"/Users/toddywang/Documents/VsCodeProjects/xmltoexp/ATEPP-1.2/ATEPP-1.2/Wolfgang_Amadeus_Mozart/Piano_Sonata_No._11_in_A_Major,_K._331/1._Tema_(Andante_grazioso)_con_variazioni/Sonata_No._11_1st_Movement_K._331.mxl",mozart_k331_i,mozart_k331_i,18,648,0.7947965860366821,0.7243902450654565,0.0,0.0,1,False,,,111,1
L4+,"/Users/toddywang/Documents/VsCodeProjects/xmltoexp/ATEPP-1.2/ATEPP-1.2/Wolfgang_Amadeus_Mozart/Piano_Sonata_No._11_in_A_Major,_K._331/1._Tema_(Andante_grazioso)_con_variazioni/Sonata_No._11_1st_Movement_K._331.mxl",mozart_k331_i,mozart_k331_i,19,662,0.7363208532333374,0.7243902450654565,0.0,0.0,1,False,,,114,3
L4+,"/Users/toddywang/Documents/VsCodeProjects/xmltoexp/ATEPP-1.2/ATEPP-1.2/Wolfgang_Amadeus_Mozart/Piano_Sonata_No._11_in_A_Major,_K._331/1._Tema_(Andante_grazioso)_con_variazioni/Sonata_No._11_1st_Movement_K._331.mxl",mozart_k331_i,mozart_k331_i,20,780,0.7834462523460388,0.7243902450654565,0.0,0.0,1,False,,,136,1
L4+,"/Users/toddywang/Documents/VsCodeProjects/xmltoexp/ATEPP-1.2/ATEPP-1.2/Wolfgang_Amadeus_Mozart/Piano_Sonata_No._11_in_A_Major,_K._331/1._Tema_(Andante_grazioso)_con_variazioni/Sonata_No._11_1st_Movement_K._331.mxl",mozart_k331_i,mozart_k331_i,21,803,0.7725574970245361,0.7243902450654565,0.0,0.0,1,False,,,141,4
